{
  "generator-m-ionic": {
    "answers": {
      "appName": "Pupil",
      "appId": "com.genu.pupil",
      "ionicCss": true,
      "bowerPackages": [
        "angular-dynamic-locale#~0.1.27",
        "angular-translate#~2.8.1",
        "angular-translate-loader-static-files#~2.8.1",
        "localforage#~1.3.1"
      ],
      "platforms": [
        "ios",
        "android"
      ],
      "plugins": [
        "cordova-plugin-device",
        "cordova-plugin-dialogs",
        "cordova-plugin-inappbrowser",
        "ionic-plugin-keyboard",
        "cordova-plugin-network-information",
        "cordova-plugin-splashscreen",
        "cordova-plugin-statusbar"
      ],
      "appModule": "Pupil"
    }
  }
}